{
    "EgridTot" : [0.0,  2.0,  4.0,  6.0,  8.0,
           10.0, 12.0, 14.0, 16.0, 18.0, 20.0],

    "crossTot" : [0.000000, -0.000139, -0.000402,  0.000372,  0.000979,
       0.004324,  0.008922,  0.014587,  0.021823,  0.030518,  0.041011]
}
