{
    "En": [
	2.997853e-02, 5.995706e-02, 8.993560e-02, 1.199141e-01, 1.498927e-01,
	1.798712e-01, 1.978583e-01, 2.758025e-01, 3.537467e-01, 5.156307e-01,
	5.576007e-01, 6.115620e-01, 7.494633e-01, 8.993560e-01, 1.199141e+00,
	1.498927e+00, 1.798712e+00, 2.398283e+00, 2.997853e+00, 3.597424e+00,
	4.196994e+00, 4.796565e+00, 5.396136e+00, 5.995706e+00, 6.895062e+00],

    "mu": [
	-1.000000, -0.984808, -0.939693, -0.866025, -0.766044, -0.642788, -0.500000, -0.342020, -0.173648,
         0.000000,  0.173648,  0.342020,  0.500000,  0.642788,  0.766044,  0.866025,  0.939693,  1.000000],

    "sigmaDiff": [
       [4.437600e+03, 1.109400e+03, 4.931000e+02, 2.774000e+02, 1.775000e+02,
        1.233000e+02, 1.200000e+02, 2.000000e+02, 2.500000e+02, 2.800000e+02,
        2.700000e+02, 2.800000e+02, 3.300000e+02, 4.400000e+02, 5.200000e+02,
        1.350000e+03, 1.999000e+03, 4.240000e+02, 5.510000e+02, 5.990000e+02,
        4.850000e+02, 4.640000e+02, 2.945000e+02, 2.780000e+02, 1.940000e+02],

       [4.507000e+03, 1.126700e+03, 5.008000e+02, 2.817000e+02, 1.803000e+02,
        1.252000e+02, 1.066000e+02, 1.946000e+02, 2.456000e+02, 2.640000e+02,
        2.530000e+02, 2.580000e+02, 2.992000e+02, 3.677000e+02, 4.037000e+02,
        8.436000e+02, 1.062500e+03, 4.180000e+02, 5.275000e+02, 5.660000e+02,
        4.610000e+02, 4.520000e+02, 2.810000e+02, 2.610000e+02, 1.847000e+02],

       [4.720200e+03, 1.180000e+03, 5.245000e+02, 2.950000e+02, 1.888000e+02,
        1.311000e+02, 1.025000e+02, 1.886000e+02, 2.400000e+02, 2.500000e+02,
        2.380000e+02, 2.400000e+02, 2.686000e+02, 3.020000e+02, 3.090000e+02,
        5.410000e+02, 5.710000e+02, 3.980000e+02, 4.746000e+02, 4.507000e+02,
        3.725000e+02, 3.210000e+02, 2.102000e+02, 1.880000e+02, 1.273000e+02],

       [5.101300e+03, 1.275300e+03, 5.668000e+02, 3.188000e+02, 2.041000e+02,
        1.417000e+02, 1.000000e+02, 1.828000e+02, 2.348000e+02, 2.360000e+02,
        2.250000e+02, 2.217000e+02, 2.410000e+02, 2.488000e+02, 2.370000e+02,
        3.390000e+02, 3.109000e+02, 3.150000e+02, 3.000000e+02, 2.932000e+02,
        2.040000e+02, 1.618000e+02, 1.110000e+02, 8.480000e+01, 5.080000e+01],

       [5.696300e+03, 1.424100e+03, 6.329000e+02, 3.560000e+02, 2.279000e+02,
        1.582000e+02, 1.006000e+02, 1.770000e+02, 2.296000e+02, 2.250000e+02,
        2.130000e+02, 2.050000e+02, 2.165000e+02, 2.078000e+02, 1.800000e+02,
        2.228000e+02, 1.650000e+02, 1.840000e+02, 1.610000e+02, 1.354000e+02,
        8.900000e+01, 6.800000e+01, 4.230000e+01, 3.290000e+01, 2.000000e+01],

       [6.584300e+03, 1.646100e+03, 7.316000e+02, 4.115000e+02, 2.634000e+02,
        1.829000e+02, 1.077000e+02, 1.710000e+02, 2.255000e+02, 2.090000e+02,
        1.990000e+02, 1.888000e+02, 1.957000e+02, 1.700000e+02, 1.359000e+02,
        1.379000e+02, 8.900000e+01, 9.400000e+01, 6.470000e+01, 5.390000e+01,
        4.030000e+01, 3.340000e+01, 2.510000e+01, 2.080000e+01, 1.650000e+01],

       [7.898700e+03, 1.974700e+03, 8.776000e+02, 4.937000e+02, 3.160000e+02,
        2.194000e+02, 1.260000e+02, 1.670000e+02, 2.188000e+02, 2.000000e+02,
        1.850000e+02, 1.766000e+02, 1.750000e+02, 1.422000e+02, 1.060000e+02,
        8.970000e+01, 4.300000e+01, 3.900000e+01, 3.280000e+01, 3.550000e+01,
        3.940000e+01, 4.500000e+01, 4.540000e+01, 3.910000e+01, 3.600000e+01],

       [9.869200e+03, 2.467300e+03, 1.096600e+03, 6.168000e+02, 3.948000e+02,
        2.741000e+02, 1.585000e+02, 1.690000e+02, 2.160000e+02, 1.910000e+02,
        1.780000e+02, 1.644000e+02, 1.568000e+02, 1.177000e+02, 8.070000e+01,
        5.780000e+01, 2.400000e+01, 2.010000e+01, 3.120000e+01, 5.000000e+01,
        6.470000e+01, 7.630000e+01, 6.770000e+01, 6.470000e+01, 5.430000e+01],

       [1.290600e+04, 3.226400e+03, 1.434000e+03, 8.066000e+02, 5.162000e+02,
        3.585000e+02, 2.230000e+02, 1.760000e+02, 2.105000e+02, 1.780000e+02,
        1.670000e+02, 1.545000e+02, 1.490000e+02, 1.010000e+02, 6.500000e+01,
        4.500000e+01, 1.970000e+01, 1.710000e+01, 3.890000e+01, 6.730000e+01,
        8.660000e+01, 8.890000e+01, 8.050000e+01, 8.000000e+01, 6.950000e+01],

       [1.777900e+04, 4.444700e+03, 1.975400e+03, 1.111200e+03, 7.112000e+02,
        4.939000e+02, 3.080000e+02, 1.840000e+02, 2.070000e+02, 1.710000e+02,
        1.610000e+02, 1.504000e+02, 1.370000e+02, 8.500000e+01, 5.100000e+01,
        3.400000e+01, 1.950000e+01, 2.050000e+01, 4.360000e+01, 6.780000e+01,
        8.360000e+01, 7.870000e+01, 7.500000e+01, 6.800000e+01, 5.620000e+01],

       [2.603800e+04, 6.509500e+03, 2.893100e+03, 1.627400e+03, 1.041500e+03,
        7.233000e+02, 5.280000e+02, 2.294000e+02, 2.177000e+02, 1.720000e+02,
        1.580000e+02, 1.463000e+02, 1.360000e+02, 8.000000e+01, 5.140000e+01,
        3.650000e+01, 2.450000e+01, 2.630000e+01, 4.270000e+01, 5.470000e+01,
        5.710000e+01, 5.310000e+01, 4.640000e+01, 4.550000e+01, 3.800000e+01],

       [4.107200e+04, 1.026800e+04, 4.563600e+03, 2.567000e+03, 1.642900e+03,
        1.140900e+03, 9.010000e+02, 3.390000e+02, 2.533000e+02, 1.820000e+02,
        1.610000e+02, 1.516000e+02, 1.505000e+02, 8.800000e+01, 5.570000e+01,
        4.200000e+01, 3.280000e+01, 3.310000e+01, 4.070000e+01, 3.850000e+01,
        3.450000e+01, 2.790000e+01, 2.610000e+01, 2.130000e+01, 1.650000e+01],

       [7.113200e+04, 1.778300e+04, 7.903600e+03, 4.445800e+03, 2.845300e+03,
        1.975900e+03, 1.766000e+03, 6.720000e+02, 3.760000e+02, 2.308000e+02,
        2.080000e+02, 1.850000e+02, 2.000000e+02, 1.140000e+02, 6.750000e+01,
        5.500000e+01, 4.880000e+01, 4.750000e+01, 5.250000e+01, 4.550000e+01,
        3.770000e+01, 3.550000e+01, 2.860000e+01, 2.660000e+01, 1.860000e+01],

       [1.393700e+05, 3.484300e+04, 1.548600e+04, 8.710800e+03, 5.574900e+03,
        3.871500e+03, 3.298800e+03, 1.520000e+03, 8.850000e+02, 4.338000e+02,
        3.895000e+02, 3.630000e+02, 2.555000e+02, 1.726000e+02, 9.700000e+01,
        8.350000e+01, 6.950000e+01, 6.600000e+01, 9.200000e+01, 8.900000e+01,
        9.180000e+01, 1.165000e+02, 9.410000e+01, 1.107000e+02, 7.230000e+01],

       [3.249300e+05, 8.123200e+04, 3.610300e+04, 2.030800e+04, 1.299700e+04,
        9.025700e+03, 7.690600e+03, 3.855700e+03, 2.310000e+03, 1.095800e+03,
        9.433000e+02, 7.885000e+02, 6.000000e+02, 3.610000e+02, 1.710000e+02,
        1.300000e+02, 1.135000e+02, 9.900000e+01, 1.410000e+02, 1.750000e+02,
        2.090000e+02, 2.497000e+02, 2.110000e+02, 2.517000e+02, 1.975000e+02],

       [9.908800e+05, 2.477200e+05, 1.101000e+05, 6.193000e+04, 3.963500e+04,
        2.752500e+04, 2.345300e+04, 1.175800e+04, 7.044600e+03, 3.341600e+03,
        2.876500e+03, 2.404500e+03, 2.059000e+03, 1.101000e+03, 6.193000e+02,
        3.964000e+02, 2.753000e+02, 1.580000e+02, 3.355000e+02, 2.908000e+02,
        3.950000e+02, 4.725000e+02, 4.145000e+02, 4.950000e+02, 3.775000e+02],

       [4.890300e+06, 1.222600e+06, 5.433700e+05, 3.056500e+05, 1.956100e+05,
        1.358400e+05, 1.157500e+05, 5.803000e+04, 3.476700e+04, 1.649200e+04,
        1.419700e+04, 1.186700e+04, 1.016200e+04, 5.433700e+03, 3.056500e+03,
        1.956100e+03, 1.358400e+03, 7.641000e+02, 4.890000e+02, 7.305000e+02,
        7.050000e+02, 8.740000e+02, 6.860000e+02, 8.360000e+02, 6.450000e+02],

       [4.890300e+06, 1.222600e+06, 5.433700e+05, 3.056500e+05, 1.956100e+05,
        1.358400e+05, 1.157500e+05, 5.803000e+04, 3.476700e+04, 1.649200e+04,
        1.419700e+04, 1.186700e+04, 1.016200e+04, 5.433700e+03, 3.056500e+03,
        1.956100e+03, 1.358400e+03, 7.641000e+02, 4.890000e+02, 7.305000e+02,
        7.050000e+02, 8.740000e+02, 6.860000e+02, 8.360000e+02, 6.450000e+02]
    ]
}
