{
    "En": [
        0.667, 1.333, 2.000, 3.333, 4.666, 5.999, 6.666, 7.999, 10.665, 11.998, 12.665],

    "mu": [
        -1.000000, -0.999048, -0.996195, -0.991445, -0.984808, -0.976296, -0.965926,
        -0.953717, -0.939693, -0.923880, -0.906308, -0.887011, -0.866025, -0.843391,
        -0.819152, -0.793353, -0.766044, -0.737277, -0.707107, -0.675590, -0.642788,
        -0.608761, -0.573576, -0.537300, -0.500000, -0.461749, -0.422618, -0.382683,
        -0.342020, -0.300706, -0.258819, -0.216440, -0.173648, -0.130526, -0.087156,
        -0.043619,  0.000000,  0.043619,  0.087156,  0.130526,  0.173648,  0.216440,
         0.258819,  0.300706,  0.342020,  0.382683,  0.422618,  0.461749,  0.500000,
         0.537300,  0.573576,  0.608761,  0.642788,  0.675590,  0.707107,  0.737277,
         0.766044,  0.793353,  0.819152,  0.843391,  0.866025,  0.887011,  0.906308,
         0.923880,  0.939693,  0.953717,  0.965926,  0.976296,  0.984808,  0.991445,
         0.996195,  0.999048,  1.000000],

    "sigmaDiff": [
        [  380.8125,     418.90,     385.10,    314.20,    251.70,    203.40,    183.80,   151.40,   106.50,    90.80,   84.95],
        [  380.3757,     418.00,     384.00,    312.80,    250.30,    202.10,    182.60,   150.30,   105.60,    90.00,   84.19],
        [  379.0701,     415.30,     380.70,    308.70,    246.20,    198.30,    178.90,   146.90,   103.00,    87.60,   81.87],
        [  376.9101,     410.90,     375.20,    301.90,    239.50,    192.00,    173.00,   141.60,    98.70,    83.80,   78.29],
        [  373.9196,     404.90,     367.80,    292.70,    230.50,    183.70,    165.00,   134.40,    93.10,    78.80,   73.54],
        [  370.1311,     397.30,     358.50,    281.40,    219.50,    173.60,    155.30,   125.80,    86.30,    72.80,   67.88],
        [  365.5856,     388.30,     347.40,    268.30,    206.80,    162.00,    144.40,   116.10,    78.70,    66.10,   61.56],
        [  360.3314,     377.90,     334.90,    253.70,    193.00,    149.50,    132.50,   105.60,    70.60,    59.00,   54.88],
        [  354.4239,     366.50,     321.20,    238.10,    178.30,    136.40,    120.20,    94.80,    62.40,    51.80,   48.08],
        [  347.9236,     354.10,     306.40,    221.80,    163.30,    123.10,    107.80,    84.00,    54.30,    44.70,   41.39],
        [  340.8961,     340.80,     290.90,    205.30,    148.30,    110.00,     95.60,    73.60,    46.50,    38.00,   35.14],
        [  333.4104,     327.00,     274.90,    188.80,    133.60,     97.30,     83.90,    63.70,    39.30,    31.80,   29.32],
        [  325.5380,     312.80,     258.70,    172.60,    119.50,     85.40,     73.00,    54.50,    32.80,    26.20,   24.07],
        [  317.3519,     298.30,     242.50,    157.00,    106.20,     74.40,     63.00,    46.30,    27.00,    21.40,   19.65],
        [  308.9252,     283.70,     226.50,    142.30,     94.00,     64.40,     54.10,    38.90,    22.00,    17.20,   15.76],
        [  300.3307,     269.30,     210.90,    128.50,     82.80,     55.60,     46.20,    32.60,    17.80,    13.70,   12.51],
        [  291.6392,     255.00,     196.00,    115.90,     72.90,     47.90,     39.40,    27.30,    14.40,    10.90,    9.92],
        [  282.9195,     241.20,     181.80,    104.40,     64.20,     41.30,     33.70,    22.90,    11.70,     8.80,    8.03],
        [  274.2371,     227.90,     168.50,     94.20,     56.70,     35.80,     29.00,    19.40,     9.60,     7.10,    6.46],
        [  265.6537,     215.10,     156.10,     85.20,     50.40,     31.40,     25.20,    16.70,     8.10,     6.00,    5.49],
        [  257.2271,     203.10,     144.90,     77.40,     45.30,     27.90,     22.40,    14.70,     7.10,     5.30,    4.88],
        [  249.0103,     191.90,     134.70,     70.90,     41.20,     25.40,     20.30,    13.40,     6.60,     4.90,    4.49],
        [  241.0515,     181.40,     125.70,     65.50,     38.00,     23.60,     19.00,    12.70,     6.40,     4.90,    4.55],
        [  233.3940,     171.90,     117.90,     61.20,     35.80,     22.50,     18.30,    12.50,     6.60,     5.10,    4.72],
        [  226.0762,     163.20,     111.10,     58.00,     34.50,     22.10,     18.20,    12.70,     7.10,     5.60,    5.20],
        [  219.1315,     155.40,     105.50,     55.70,     33.90,     22.30,     18.60,    13.40,     7.80,     6.30,    5.88],
        [  212.5888,     148.60,     101.00,     54.30,     34.00,     23.00,     19.50,    14.30,     8.80,     7.20,    6.72],
        [  206.4724,     142.60,      97.40,     53.80,     34.70,     24.20,     20.70,    15.60,     9.90,     8.20,    7.66],
        [  200.8023,     137.50,      94.80,     54.00,     35.90,     25.80,     22.30,    17.20,    11.20,     9.30,    8.67],
        [  195.5949,     133.20,      93.10,     54.80,     37.60,     27.70,     24.20,    19.00,    12.60,    10.50,    9.78],
        [  190.8633,     129.80,      92.30,     56.30,     39.80,     29.90,     26.40,    21.00,    14.10,    11.90,   11.13],
        [  186.6176,     127.20,      92.20,     58.40,     42.30,     32.40,     28.80,    23.10,    15.80,    13.30,   12.40],
        [  182.8656,     125.30,      92.90,     61.00,     45.20,     35.20,     31.40,    25.50,    17.50,    14.80,   13.81],
        [  179.6133,     124.10,      94.20,     64.00,     48.40,     38.10,     34.20,    27.90,    19.40,    16.40,   15.29],
        [  176.8655,     123.60,      96.10,     67.40,     51.80,     41.30,     37.20,    30.50,    21.30,    18.10,   16.90],
        [  174.6266,     123.80,      98.60,     71.20,     55.50,     44.60,     40.30,    33.20,    23.40,    19.80,   18.44],
        [  172.9011,     124.50,     101.60,     75.40,     59.40,     48.10,     43.60,    36.10,    25.50,    21.70,   20.25],
        [  171.6946,     125.80,     105.00,     79.80,     63.40,     51.70,     47.00,    39.00,    27.70,    23.60,   22.03],
        [  171.0149,     127.50,     108.90,     84.40,     67.70,     55.50,     50.50,    42.10,    30.10,    25.60,   23.86],
        [  170.8729,     129.80,     113.10,     89.30,     72.00,     59.40,     54.10,    45.30,    32.50,    27.80,   25.98],
        [  171.2841,     132.50,     117.70,     94.30,     76.60,     63.30,     57.80,    48.60,    35.10,    30.00,   28.01],
        [  172.2704,     135.60,     122.50,     99.50,     81.20,     67.40,     61.70,    52.00,    37.80,    32.40,   30.29],
        [  173.8622,     139.10,     127.70,    104.90,     85.90,     71.60,     65.60,    55.50,    40.60,    34.90,   32.66],
        [  176.1012,     142.90,     133.00,    110.30,     90.70,     75.90,     69.70,    59.10,    43.50,    37.50,   35.14],
        [  179.0442,     147.00,     138.60,    115.80,     95.60,     80.30,     73.80,    62.90,    46.50,    40.30,   37.85],
        [  182.7680,     151.40,     144.30,    121.40,    100.60,     84.70,     78.00,    66.70,    49.70,    43.20,   40.62],
        [  187.3762,     156.00,     150.10,    127.00,    105.50,     89.20,     82.30,    70.60,    53.00,    46.20,   43.49],
        [  193.0082,     161.00,     156.10,    132.60,    110.50,     93.70,     86.60,    74.50,    56.40,    49.30,   46.46],
        [  199.8522,     166.10,     162.00,    138.20,    115.50,     98.20,     90.90,    78.60,    59.90,    52.60,   49.67],
        [  208.1634,     171.50,     168.10,    143.70,    120.40,    102.70,     95.30,    82.70,    63.50,    55.90,   52.84],
        [  218.2900,     177.20,     174.10,    149.10,    125.20,    107.20,     99.60,    86.80,    67.10,    59.40,   56.30],
        [  230.7114,     183.20,     180.10,    154.40,    130.00,    111.60,    103.90,    90.90,    70.90,    62.90,   59.66],
        [  246.0948,     189.60,     186.20,    159.60,    134.60,    116.00,    108.10,    94.90,    74.60,    66.50,   63.21],
        [  265.3812,     196.60,     192.20,    164.60,    139.10,    120.20,    112.30,    99.00,    78.40,    70.10,   66.73],
