{
   "EgridTot" : [0.0,  2.0,  4.0,  6.0,  8.0, 
          10.0, 12.0, 14.0, 16.0, 18.0, 20.0],

    "crossTot" : [0.000000, -0.007875, -0.013859, -0.019350, -0.024170,
      -0.029163, -0.034598, -0.039119, -0.043023, -0.046160, -0.048889]
}
